id,start_time,start_time_local,end_time,end_time_local,duration,distance,user_id,score
0,2016-11-06 01:08:43+00:00,2016-11-05 21:08:43,2016-11-06 02:22:15+00:00,2016-11-05 22:22:15,73.0,70324.2,0,96.6
1,2016-11-07 03:33:10+00:00,2016-11-06 22:33:10,2016-11-07 03:53:30+00:00,2016-11-06 22:53:30,20.0,10118.9,0,100.0
2,2016-11-17 03:26:31+00:00,2016-11-16 22:26:31,2016-11-17 03:38:16+00:00,2016-11-16 22:38:16,11.0,3376.8,0,100.0
3,2016-11-10 04:09:26+00:00,2016-11-09 23:09:26,2016-11-10 04:39:35+00:00,2016-11-09 23:39:35,30.0,14847.2,0,100.0
4,2016-11-23 02:50:29+00:00,2016-11-22 21:50:29,2016-11-23 03:23:22+00:00,2016-11-22 22:23:22,32.0,16847.3,0,100.0
5,2016-11-09 10:45:34+00:00,2016-11-09 05:45:34,2016-11-09 11:07:06+00:00,2016-11-09 06:07:06,21.0,6761.88,0,88.38
6,2016-11-05 16:21:39+00:00,2016-11-05 12:21:39,2016-11-05 16:40:03+00:00,2016-11-05 12:40:03,18.0,3900.53,0,100.0
7,2016-11-15 10:32:35+00:00,2016-11-15 05:32:35,2016-11-15 13:26:59+00:00,2016-11-15 08:26:59,174.0,346486.0,0,88.53
8,2016-11-06 17:31:42+00:00,2016-11-06 12:31:42,2016-11-06 17:44:42+00:00,2016-11-06 12:44:42,13.0,5461.66,0,100.0
9,2016-11-08 15:33:33+00:00,2016-11-08 10:33:33,2016-11-08 15:46:24+00:00,2016-11-08 10:46:24,12.0,6024.87,0,61.11
10,2016-11-05 19:26:16+00:00,2016-11-05 15:26:16,2016-11-05 20:23:35+00:00,2016-11-05 16:23:35,57.0,67904.3,0,100.0
11,2016-11-26 03:21:05+00:00,2016-11-25 22:21:05,2016-11-26 03:53:45+00:00,2016-11-25 22:53:45,32.0,16908.6,0,100.0
12,2016-11-15 13:33:09+00:00,2016-11-15 08:33:09,2016-11-15 14:14:45+00:00,2016-11-15 09:14:45,41.0,29103.9,0,75.96
13,2016-11-08 16:19:34+00:00,2016-11-08 11:19:34,2016-11-08 18:41:26+00:00,2016-11-08 13:41:26,141.0,212493.0,0,78.48
14,2016-11-27 03:40:55+00:00,2016-11-26 22:40:55,2016-11-27 04:13:57+00:00,2016-11-26 23:13:57,33.0,16912.0,0,92.43
15,2016-11-06 23:26:01+00:00,2016-11-06 18:26:01,2016-11-06 23:41:28+00:00,2016-11-06 18:41:28,15.0,13623.1,0,100.0
16,2016-11-13 19:59:11+00:00,2016-11-13 14:59:11,2016-11-13 20:21:06+00:00,2016-11-13 15:21:06,21.0,4348.91,0,88.6
17,2016-11-08 22:57:39+00:00,2016-11-08 17:57:39,2016-11-08 23:14:22+00:00,2016-11-08 18:14:22,16.0,5399.37,0,100.0
18,2016-11-19 16:59:28+00:00,2016-11-19 11:59:28,2016-11-19 17:13:12+00:00,2016-11-19 12:13:12,13.0,2727.0,0,100.0
19,2016-11-22 13:20:20+00:00,2016-11-22 08:20:20,2016-11-22 14:06:54+00:00,2016-11-22 09:06:54,46.0,39003.6,0,73.15
20,2016-11-19 19:58:32+00:00,2016-11-19 14:58:32,2016-11-19 20:23:44+00:00,2016-11-19 15:23:44,25.0,7117.94,0,80.16
21,2016-11-24 17:09:02+00:00,2016-11-24 12:09:02,2016-11-24 17:43:10+00:00,2016-11-24 12:43:10,34.0,17406.1,0,85.35
22,2016-11-24 20:11:44+00:00,2016-11-24 15:11:44,2016-11-24 20:57:29+00:00,2016-11-24 15:57:29,45.0,45175.0,0,94.54
23,2016-11-22 19:02:54+00:00,2016-11-22 14:02:54,2016-11-22 19:42:44+00:00,2016-11-22 14:42:44,39.0,38161.4,0,93.56
24,2016-11-16 23:04:23+00:00,2016-11-16 18:04:23,2016-11-16 23:45:43+00:00,2016-11-16 18:45:43,41.0,25838.5,0,87.9
25,2016-11-30 12:55:14+00:00,2016-11-30 07:55:14,2016-11-30 13:37:59+00:00,2016-11-30 08:37:59,42.0,39299.8,0,82.46
26,2016-11-26 22:44:02+00:00,2016-11-26 17:44:02,2016-11-26 23:11:06+00:00,2016-11-26 18:11:06,27.0,18569.4,0,100.0
27,2016-11-29 22:52:26+00:00,2016-11-29 17:52:26,2016-11-29 23:06:55+00:00,2016-11-29 18:06:55,14.0,1917.46,0,100.0
28,2016-11-08 23:41:58+00:00,2016-11-08 18:41:58,2016-11-09 02:28:57+00:00,2016-11-08 21:28:57,166.0,221948.0,0,96.99
29,2016-11-10 00:29:46+00:00,2016-11-09 19:29:46,2016-11-10 01:09:07+00:00,2016-11-09 20:09:07,39.0,16774.9,0,87.29
30,2016-11-22 23:52:09+00:00,2016-11-22 18:52:09,2016-11-23 00:22:29+00:00,2016-11-22 19:22:29,30.0,4337.05,0,100.0
31,2016-11-23 00:28:26+00:00,2016-11-22 19:28:26,2016-11-23 01:07:44+00:00,2016-11-22 20:07:44,39.0,20993.4,0,100.0
32,2016-11-26 01:15:23+00:00,2016-11-25 20:15:23,2016-11-26 01:41:30+00:00,2016-11-25 20:41:30,26.0,17836.6,0,100.0
33,2016-11-01 12:34:14+00:00,2016-11-01 08:34:14,2016-11-01 13:12:41+00:00,2016-11-01 09:12:41,38.0,26977.8,1,74.5016
34,2016-11-03 12:52:21+00:00,2016-11-03 08:52:21,2016-11-03 13:06:29+00:00,2016-11-03 09:06:29,14.0,15779.2,1,91.5087
35,2016-11-01 22:10:21+00:00,2016-11-01 18:10:21,2016-11-01 22:34:05+00:00,2016-11-01 18:34:05,23.0,17252.8,1,100.0
36,2016-11-04 12:43:11+00:00,2016-11-04 08:43:11,2016-11-04 13:06:57+00:00,2016-11-04 09:06:57,23.0,17192.4,1,100.0
37,2016-11-07 13:49:54+00:00,2016-11-07 08:49:54,2016-11-07 14:04:14+00:00,2016-11-07 09:04:14,14.0,15362.3,1,82.5558
38,2016-11-03 21:58:22+00:00,2016-11-03 17:58:22,2016-11-03 22:19:31+00:00,2016-11-03 18:19:31,21.0,16670.2,1,100.0
39,2016-11-15 13:36:46+00:00,2016-11-15 08:36:46,2016-11-15 14:03:39+00:00,2016-11-15 09:03:39,26.0,16510.3,1,100.0
40,2016-11-14 13:46:18+00:00,2016-11-14 08:46:18,2016-11-14 14:02:54+00:00,2016-11-14 09:02:54,16.0,16365.9,1,54.7437
41,2016-11-04 21:42:35+00:00,2016-11-04 17:42:35,2016-11-04 22:08:55+00:00,2016-11-04 18:08:55,26.0,16985.7,1,100.0
42,2016-11-16 13:31:09+00:00,2016-11-16 08:31:09,2016-11-16 14:02:40+00:00,2016-11-16 09:02:40,31.0,24941.7,1,52.7063
43,2016-11-17 13:40:25+00:00,2016-11-17 08:40:25,2016-11-17 14:03:01+00:00,2016-11-17 09:03:01,22.0,16561.6,1,88.9348
44,2016-11-22 12:19:22+00:00,2016-11-22 07:19:22,2016-11-22 12:47:09+00:00,2016-11-22 07:47:09,27.0,14698.2,1,100.0
45,2016-11-22 12:48:07+00:00,2016-11-22 07:48:07,2016-11-22 13:20:46+00:00,2016-11-22 08:20:46,32.0,4703.78,1,100.0
46,2016-11-13 22:10:24+00:00,2016-11-13 17:10:24,2016-11-13 22:27:24+00:00,2016-11-13 17:27:24,17.0,4772.18,1,100.0
47,2016-11-14 22:41:53+00:00,2016-11-14 17:41:53,2016-11-14 23:09:56+00:00,2016-11-14 18:09:56,28.0,17385.4,1,86.8066
48,2016-11-15 21:48:28+00:00,2016-11-15 16:48:28,2016-11-15 22:17:37+00:00,2016-11-15 17:17:37,29.0,18224.8,1,91.7628
49,2016-11-16 23:01:47+00:00,2016-11-16 18:01:47,2016-11-16 23:25:49+00:00,2016-11-16 18:25:49,24.0,16879.5,1,100.0
50,2016-11-17 22:54:04+00:00,2016-11-17 17:54:04,2016-11-17 23:23:52+00:00,2016-11-17 18:23:52,29.0,16906.2,1,91.6097
51,2016-11-22 22:12:49+00:00,2016-11-22 17:12:49,2016-11-22 22:35:31+00:00,2016-11-22 17:35:31,22.0,4257.33,1,100.0
52,2016-11-22 22:51:17+00:00,2016-11-22 17:51:17,2016-11-22 23:22:07+00:00,2016-11-22 18:22:07,30.0,13139.3,1,100.0
53,2016-11-24 01:26:20+00:00,2016-11-23 20:26:20,2016-11-24 01:53:01+00:00,2016-11-23 20:53:01,26.0,32596.3,2,90.63
54,2016-10-31 22:03:39+00:00,2016-11-01 07:03:39,2016-10-31 22:58:42+00:00,2016-11-01 07:58:42,55.0,69915.4,2,81.84
55,2016-11-23 02:19:09+00:00,2016-11-22 21:19:09,2016-11-23 02:57:11+00:00,2016-11-22 21:57:11,38.0,43381.5,2,80.28
56,2016-11-27 02:06:52+00:00,2016-11-26 21:06:52,2016-11-27 02:20:10+00:00,2016-11-26 21:20:10,13.0,18444.3,2,100.0
57,2016-11-28 23:44:57+00:00,2016-11-28 18:44:57,2016-11-29 01:19:53+00:00,2016-11-28 20:19:53,94.0,88032.9,2,94.73
58,2016-11-21 12:52:47+00:00,2016-11-21 07:52:47,2016-11-21 13:49:11+00:00,2016-11-21 08:49:11,56.0,61013.4,2,100.0
59,2016-11-20 17:48:43+00:00,2016-11-20 12:48:43,2016-11-20 18:21:59+00:00,2016-11-20 13:21:59,33.0,30626.9,2,84.97
60,2016-11-23 14:38:16+00:00,2016-11-23 09:38:16,2016-11-23 17:50:05+00:00,2016-11-23 12:50:05,191.0,286191.0,2,81.75
61,2016-11-25 15:31:27+00:00,2016-11-25 10:31:27,2016-11-25 16:30:59+00:00,2016-11-25 11:30:59,59.0,63002.5,2,97.95
62,2016-11-22 15:50:40+00:00,2016-11-22 10:50:40,2016-11-22 16:47:40+00:00,2016-11-22 11:47:40,57.0,61019.1,2,100.0
63,2016-11-25 16:41:38+00:00,2016-11-25 11:41:38,2016-11-25 17:25:37+00:00,2016-11-25 12:25:37,43.0,44041.4,2,100.0
64,2016-11-23 18:15:53+00:00,2016-11-23 13:15:53,2016-11-23 19:49:43+00:00,2016-11-23 14:49:43,93.0,173805.0,2,81.35
65,2016-11-22 18:50:01+00:00,2016-11-22 13:50:01,2016-11-22 19:24:30+00:00,2016-11-22 14:24:30,34.0,29350.7,2,85.5
66,2016-11-26 19:00:32+00:00,2016-11-26 14:00:32,2016-11-26 19:15:51+00:00,2016-11-26 14:15:51,15.0,4195.44,2,100.0
67,2016-11-23 19:51:13+00:00,2016-11-23 14:51:13,2016-11-23 20:40:30+00:00,2016-11-23 15:40:30,49.0,35843.5,2,67.33
68,2016-11-21 21:55:29+00:00,2016-11-21 16:55:29,2016-11-21 22:54:08+00:00,2016-11-21 17:54:08,58.0,62494.6,2,100.0
69,2016-11-27 17:16:53+00:00,2016-11-27 12:16:53,2016-11-27 18:46:23+00:00,2016-11-27 13:46:23,89.0,102506.0,2,100.0
70,2016-11-28 14:15:22+00:00,2016-11-28 09:15:22,2016-11-28 15:29:47+00:00,2016-11-28 10:29:47,74.0,87933.0,2,89.9
71,2016-11-26 21:10:01+00:00,2016-11-26 16:10:01,2016-11-26 21:24:25+00:00,2016-11-26 16:24:25,14.0,5491.25,2,100.0
72,2016-11-25 22:07:27+00:00,2016-11-25 17:07:27,2016-11-25 22:22:01+00:00,2016-11-25 17:22:01,14.0,12325.4,2,100.0
73,2016-11-26 21:38:23+00:00,2016-11-26 16:38:23,2016-11-26 22:01:47+00:00,2016-11-26 17:01:47,23.0,20958.2,2,100.0
74,2016-11-27 18:52:16+00:00,2016-11-27 13:52:16,2016-11-27 21:29:40+00:00,2016-11-27 16:29:40,157.0,211641.0,2,98.41
75,2016-11-29 13:31:27+00:00,2016-11-29 08:31:27,2016-11-29 13:55:13+00:00,2016-11-29 08:55:13,23.0,25913.3,2,89.48
76,2016-11-29 13:58:25+00:00,2016-11-29 08:58:25,2016-11-29 15:03:30+00:00,2016-11-29 10:03:30,65.0,58919.4,2,42.38
77,2016-11-27 21:31:10+00:00,2016-11-27 16:31:10,2016-11-27 22:35:48+00:00,2016-11-27 17:35:48,64.0,91925.1,2,100.0
78,2016-11-27 23:09:19+00:00,2016-11-27 18:09:19,2016-11-27 23:49:40+00:00,2016-11-27 18:49:40,40.0,43452.0,2,100.0
79,2016-11-29 22:19:22+00:00,2016-11-29 17:19:22,2016-11-29 23:17:06+00:00,2016-11-29 18:17:06,57.0,59369.0,2,74.01
80,2016-11-29 23:21:50+00:00,2016-11-29 18:21:50,2016-11-29 23:54:11+00:00,2016-11-29 18:54:11,32.0,26399.5,2,100.0
81,2016-11-23 01:10:24+00:00,2016-11-22 20:10:24,2016-11-23 01:58:13+00:00,2016-11-22 20:58:13,47.0,43574.9,2,66.13
82,2016-11-26 00:10:07+00:00,2016-11-25 19:10:07,2016-11-26 00:30:11+00:00,2016-11-25 19:30:11,20.0,12200.9,2,100.0
83,2016-11-30 01:01:12+00:00,2016-11-29 20:01:12,2016-11-30 01:20:21+00:00,2016-11-29 20:20:21,19.0,9521.55,2,100.0
84,2016-11-01 12:34:17+00:00,2016-11-01 08:34:17,2016-11-01 13:12:36+00:00,2016-11-01 09:12:36,38.0,26926.1,3,100.0
85,2016-11-03 12:55:14+00:00,2016-11-03 08:55:14,2016-11-03 13:06:26+00:00,2016-11-03 09:06:26,11.0,14070.7,3,100.0
86,2016-11-01 22:11:49+00:00,2016-11-01 18:11:49,2016-11-01 22:36:14+00:00,2016-11-01 18:36:14,24.0,16623.3,3,100.0
87,2016-11-04 12:51:46+00:00,2016-11-04 08:51:46,2016-11-04 13:07:07+00:00,2016-11-04 09:07:07,15.0,16646.6,3,83.73
88,2016-11-08 14:06:14+00:00,2016-11-08 09:06:14,2016-11-08 14:29:38+00:00,2016-11-08 09:29:38,23.0,14251.7,3,100.0
89,2016-11-07 13:51:54+00:00,2016-11-07 08:51:54,2016-11-07 14:04:23+00:00,2016-11-07 09:04:23,12.0,16397.2,3,100.0
90,2016-11-09 13:42:24+00:00,2016-11-09 08:42:24,2016-11-09 14:14:22+00:00,2016-11-09 09:14:22,31.0,23365.0,3,100.0
91,2016-11-11 13:57:16+00:00,2016-11-11 08:57:16,2016-11-11 14:11:38+00:00,2016-11-11 09:11:38,14.0,16149.4,3,99.63
92,2016-11-03 22:03:45+00:00,2016-11-03 18:03:45,2016-11-03 22:18:45+00:00,2016-11-03 18:18:45,15.0,13467.3,3,100.0
93,2016-11-14 13:49:24+00:00,2016-11-14 08:49:24,2016-11-14 14:02:39+00:00,2016-11-14 09:02:39,13.0,16532.4,3,99.84
94,2016-11-15 13:36:40+00:00,2016-11-15 08:36:40,2016-11-15 14:03:41+00:00,2016-11-15 09:03:41,27.0,16629.2,3,100.0
95,2016-11-04 21:49:58+00:00,2016-11-04 17:49:58,2016-11-04 22:05:52+00:00,2016-11-04 18:05:52,15.0,14464.5,3,100.0
96,2016-11-16 13:33:27+00:00,2016-11-16 08:33:27,2016-11-16 14:02:42+00:00,2016-11-16 09:02:42,29.0,22791.8,3,100.0
97,2016-11-17 13:42:22+00:00,2016-11-17 08:42:22,2016-11-17 14:02:53+00:00,2016-11-17 09:02:53,20.0,16605.0,3,100.0
98,2016-11-08 21:08:56+00:00,2016-11-08 16:08:56,2016-11-08 21:25:12+00:00,2016-11-08 16:25:12,16.0,16365.7,3,100.0
99,2016-11-07 23:02:23+00:00,2016-11-07 18:02:23,2016-11-07 23:17:56+00:00,2016-11-07 18:17:56,15.0,16283.9,3,100.0
100,2016-11-22 12:24:17+00:00,2016-11-22 07:24:17,2016-11-22 13:20:26+00:00,2016-11-22 08:20:26,56.0,19396.4,3,95.73
101,2016-11-11 21:03:24+00:00,2016-11-11 16:03:24,2016-11-11 21:22:25+00:00,2016-11-11 16:22:25,19.0,16827.0,3,100.0
102,2016-11-09 22:42:27+00:00,2016-11-09 17:42:27,2016-11-09 23:06:46+00:00,2016-11-09 18:06:46,24.0,16417.7,3,100.0
103,2016-11-14 22:44:05+00:00,2016-11-14 17:44:05,2016-11-14 23:06:40+00:00,2016-11-14 18:06:40,22.0,16386.3,3,100.0
104,2016-11-15 21:52:04+00:00,2016-11-15 16:52:04,2016-11-15 22:19:24+00:00,2016-11-15 17:19:24,27.0,17245.7,3,100.0
105,2016-11-16 23:05:43+00:00,2016-11-16 18:05:43,2016-11-16 23:25:45+00:00,2016-11-16 18:25:45,20.0,16101.6,3,100.0
106,2016-11-28 13:19:26+00:00,2016-11-28 08:19:26,2016-11-28 14:26:40+00:00,2016-11-28 09:26:40,67.0,19898.1,3,100.0
107,2016-11-22 22:15:43+00:00,2016-11-22 17:15:43,2016-11-22 22:45:21+00:00,2016-11-22 17:45:21,29.0,4674.92,3,100.0
108,2016-11-22 22:51:54+00:00,2016-11-22 17:51:54,2016-11-22 23:23:51+00:00,2016-11-22 18:23:51,31.0,13215.3,3,100.0
109,2016-11-17 22:57:17+00:00,2016-11-17 17:57:17,2016-11-17 23:20:35+00:00,2016-11-17 18:20:35,23.0,16439.6,3,100.0
110,2016-11-16 01:51:36+00:00,2016-11-15 20:51:36,2016-11-16 02:32:26+00:00,2016-11-15 21:32:26,40.0,49199.5,4,81.64
111,2016-11-20 02:03:31+00:00,2016-11-19 21:03:31,2016-11-20 02:30:40+00:00,2016-11-19 21:30:40,27.0,20418.1,4,100.0
112,2016-11-12 02:32:12+00:00,2016-11-11 21:32:12,2016-11-12 02:44:27+00:00,2016-11-11 21:44:27,12.0,4457.62,4,79.59
113,2016-11-05 12:42:42+00:00,2016-11-05 08:42:42,2016-11-05 12:56:44+00:00,2016-11-05 08:56:44,14.0,8640.51,4,100.0
114,2016-11-05 13:53:40+00:00,2016-11-05 09:53:40,2016-11-05 14:17:09+00:00,2016-11-05 10:17:09,23.0,13704.5,4,68.06
115,2016-11-08 13:15:11+00:00,2016-11-08 08:15:11,2016-11-08 13:58:35+00:00,2016-11-08 08:58:35,43.0,48270.9,4,73.56
116,2016-11-07 13:16:23+00:00,2016-11-07 08:16:23,2016-11-07 14:13:16+00:00,2016-11-07 09:13:16,56.0,47836.8,4,86.55
117,2016-11-06 16:41:07+00:00,2016-11-06 11:41:07,2016-11-06 16:52:39+00:00,2016-11-06 11:52:39,11.0,6929.73,4,56.66
118,2016-11-06 17:11:24+00:00,2016-11-06 12:11:24,2016-11-06 17:34:39+00:00,2016-11-06 12:34:39,23.0,14998.2,4,78.5
119,2016-11-11 13:42:39+00:00,2016-11-11 08:42:39,2016-11-11 14:21:27+00:00,2016-11-11 09:21:27,38.0,47304.8,4,46.95
120,2016-11-09 13:15:35+00:00,2016-11-09 08:15:35,2016-11-09 13:55:30+00:00,2016-11-09 08:55:30,39.0,47717.0,4,55.74
121,2016-11-10 13:41:35+00:00,2016-11-10 08:41:35,2016-11-10 14:29:41+00:00,2016-11-10 09:29:41,48.0,47350.7,4,50.74
122,2016-11-06 19:07:39+00:00,2016-11-06 14:07:39,2016-11-06 20:28:11+00:00,2016-11-06 15:28:11,80.0,64820.7,4,84.48
123,2016-11-16 12:16:35+00:00,2016-11-16 07:16:35,2016-11-16 13:04:58+00:00,2016-11-16 08:04:58,48.0,49240.0,4,53.5
124,2016-11-26 03:37:09+00:00,2016-11-25 22:37:09,2016-11-26 03:52:53+00:00,2016-11-25 22:52:53,15.0,24718.2,4,99.34
125,2016-11-10 14:41:42+00:00,2016-11-10 09:41:42,2016-11-10 15:25:26+00:00,2016-11-10 10:25:26,43.0,28201.1,4,82.85
126,2016-11-13 14:50:11+00:00,2016-11-13 09:50:11,2016-11-13 15:03:21+00:00,2016-11-13 10:03:21,13.0,7147.35,4,81.02
127,2016-11-15 13:10:35+00:00,2016-11-15 08:10:35,2016-11-15 14:18:45+00:00,2016-11-15 09:18:45,68.0,47407.8,4,59.66
128,2016-11-03 22:36:36+00:00,2016-11-03 18:36:36,2016-11-03 23:15:04+00:00,2016-11-03 19:15:04,38.0,45334.4,4,60.27
129,2016-11-12 14:53:34+00:00,2016-11-12 09:53:34,2016-11-12 15:06:54+00:00,2016-11-12 10:06:54,13.0,10346.4,4,81.25
130,2016-11-27 03:05:02+00:00,2016-11-26 22:05:02,2016-11-27 03:21:10+00:00,2016-11-26 22:21:10,16.0,7588.53,4,100.0
131,2016-11-13 15:31:19+00:00,2016-11-13 10:31:19,2016-11-13 15:53:05+00:00,2016-11-13 10:53:05,21.0,16030.5,4,88.52
132,2016-11-09 16:28:06+00:00,2016-11-09 11:28:06,2016-11-09 17:07:23+00:00,2016-11-09 12:07:23,39.0,63924.0,4,60.45
133,2016-11-04 21:59:26+00:00,2016-11-04 17:59:26,2016-11-04 22:47:37+00:00,2016-11-04 18:47:37,48.0,46057.5,4,79.08
134,2016-11-05 21:37:31+00:00,2016-11-05 17:37:31,2016-11-05 21:49:10+00:00,2016-11-05 17:49:10,11.0,8417.4,4,78.56
135,2016-11-08 18:45:00+00:00,2016-11-08 13:45:00,2016-11-08 18:56:24+00:00,2016-11-08 13:56:24,11.0,3199.43,4,100.0
136,2016-11-19 13:43:34+00:00,2016-11-19 08:43:34,2016-11-19 13:54:53+00:00,2016-11-19 08:54:53,11.0,8587.47,4,77.91
137,2016-11-05 22:25:43+00:00,2016-11-05 18:25:43,2016-11-05 22:53:00+00:00,2016-11-05 18:53:00,27.0,12639.1,4,63.36
138,2016-11-10 16:40:13+00:00,2016-11-10 11:40:13,2016-11-10 17:13:10+00:00,2016-11-10 12:13:10,32.0,28770.3,4,92.41
139,2016-11-18 13:29:02+00:00,2016-11-18 08:29:02,2016-11-18 14:08:54+00:00,2016-11-18 09:08:54,39.0,48780.2,4,68.26
140,2016-11-09 18:06:03+00:00,2016-11-09 13:06:03,2016-11-09 18:27:40+00:00,2016-11-09 13:27:40,21.0,13222.5,4,88.44
141,2016-11-17 12:57:33+00:00,2016-11-17 07:57:33,2016-11-17 14:11:14+00:00,2016-11-17 09:11:14,73.0,59934.7,4,67.7
142,2016-11-19 14:54:47+00:00,2016-11-19 09:54:47,2016-11-19 15:07:59+00:00,2016-11-19 10:07:59,13.0,10332.7,4,100.0
143,2016-11-19 15:27:47+00:00,2016-11-19 10:27:47,2016-11-19 15:41:06+00:00,2016-11-19 10:41:06,13.0,7608.91,4,100.0
144,2016-11-13 18:38:39+00:00,2016-11-13 13:38:39,2016-11-13 18:50:06+00:00,2016-11-13 13:50:06,11.0,7081.46,4,24.07
145,2016-11-21 13:13:46+00:00,2016-11-21 08:13:46,2016-11-21 13:57:43+00:00,2016-11-21 08:57:43,43.0,49875.0,4,53.95
146,2016-11-13 19:05:11+00:00,2016-11-13 14:05:11,2016-11-13 19:21:55+00:00,2016-11-13 14:21:55,16.0,7048.03,4,85.06
147,2016-11-25 12:47:37+00:00,2016-11-25 07:47:37,2016-11-25 13:04:07+00:00,2016-11-25 08:04:07,16.0,12643.4,4,69.7
148,2016-11-07 23:24:15+00:00,2016-11-07 18:24:15,2016-11-07 23:59:09+00:00,2016-11-07 18:59:09,34.0,45989.7,4,71.06
149,2016-11-20 15:56:52+00:00,2016-11-20 10:56:52,2016-11-20 16:35:59+00:00,2016-11-20 11:35:59,39.0,40240.1,4,87.22
150,2016-11-25 13:40:06+00:00,2016-11-25 08:40:06,2016-11-25 14:04:00+00:00,2016-11-25 09:04:00,23.0,13162.9,4,79.08
151,2016-11-08 23:17:09+00:00,2016-11-08 18:17:09,2016-11-08 23:50:17+00:00,2016-11-08 18:50:17,33.0,46109.8,4,60.94
152,2016-11-19 16:55:17+00:00,2016-11-19 11:55:17,2016-11-19 17:07:12+00:00,2016-11-19 12:07:12,11.0,7360.02,4,100.0
153,2016-11-23 13:28:11+00:00,2016-11-23 08:28:11,2016-11-23 14:16:34+00:00,2016-11-23 09:16:34,48.0,40884.6,4,84.5
154,2016-11-22 13:26:27+00:00,2016-11-22 08:26:27,2016-11-22 14:22:00+00:00,2016-11-22 09:22:00,55.0,42704.2,4,86.47
155,2016-11-13 22:36:30+00:00,2016-11-13 17:36:30,2016-11-13 22:54:07+00:00,2016-11-13 17:54:07,17.0,9721.46,4,100.0
156,2016-11-21 16:16:40+00:00,2016-11-21 11:16:40,2016-11-21 16:43:38+00:00,2016-11-21 11:43:38,26.0,26603.4,4,72.12
157,2016-11-10 23:09:48+00:00,2016-11-10 18:09:48,2016-11-10 23:55:06+00:00,2016-11-10 18:55:06,45.0,47574.2,4,97.28
158,2016-11-24 16:08:42+00:00,2016-11-24 11:08:42,2016-11-24 16:27:45+00:00,2016-11-24 11:27:45,19.0,10039.8,4,73.75
159,2016-11-25 16:26:19+00:00,2016-11-25 11:26:19,2016-11-25 16:38:08+00:00,2016-11-25 11:38:08,11.0,8574.47,4,100.0
160,2016-11-18 18:07:48+00:00,2016-11-18 13:07:48,2016-11-18 18:52:07+00:00,2016-11-18 13:52:07,44.0,29114.1,4,82.9
161,2016-11-20 19:58:50+00:00,2016-11-20 14:58:50,2016-11-20 20:28:44+00:00,2016-11-20 15:28:44,29.0,29539.1,4,100.0
162,2016-11-25 17:23:04+00:00,2016-11-25 12:23:04,2016-11-25 17:50:49+00:00,2016-11-25 12:50:49,27.0,13000.6,4,100.0
163,2016-11-26 15:59:19+00:00,2016-11-26 10:59:19,2016-11-26 16:53:54+00:00,2016-11-26 11:53:54,54.0,53808.0,4,95.1
164,2016-11-20 22:34:14+00:00,2016-11-20 17:34:14,2016-11-20 23:02:14+00:00,2016-11-20 18:02:14,28.0,18598.9,4,91.07
165,2016-11-25 18:30:42+00:00,2016-11-25 13:30:42,2016-11-25 18:53:29+00:00,2016-11-25 13:53:29,22.0,9304.94,4,78.5
166,2016-11-21 22:09:30+00:00,2016-11-21 17:09:30,2016-11-21 23:01:49+00:00,2016-11-21 18:01:49,52.0,38662.7,4,85.66
167,2016-11-25 20:56:36+00:00,2016-11-25 15:56:36,2016-11-25 21:14:54+00:00,2016-11-25 16:14:54,18.0,6419.46,4,66.12
168,2016-11-30 13:08:36+00:00,2016-11-30 08:08:36,2016-11-30 13:20:41+00:00,2016-11-30 08:20:41,12.0,2695.53,4,100.0
169,2016-11-30 13:31:40+00:00,2016-11-30 08:31:40,2016-11-30 13:55:22+00:00,2016-11-30 08:55:22,23.0,22781.5,4,100.0
170,2016-11-17 23:26:43+00:00,2016-11-17 18:26:43,2016-11-17 23:58:47+00:00,2016-11-17 18:58:47,32.0,45860.3,4,80.13
171,2016-11-29 13:42:49+00:00,2016-11-29 08:42:49,2016-11-29 14:22:04+00:00,2016-11-29 09:22:04,39.0,36689.3,4,74.53
172,2016-11-30 14:11:37+00:00,2016-11-30 09:11:37,2016-11-30 14:25:45+00:00,2016-11-30 09:25:45,14.0,24047.4,4,64.63
173,2016-11-26 22:44:06+00:00,2016-11-26 17:44:06,2016-11-26 23:17:38+00:00,2016-11-26 18:17:38,33.0,36532.9,4,100.0
174,2016-11-22 23:05:59+00:00,2016-11-22 18:05:59,2016-11-22 23:52:46+00:00,2016-11-22 18:52:46,46.0,42573.9,4,94.66
175,2016-11-28 17:56:13+00:00,2016-11-28 12:56:13,2016-11-28 18:21:08+00:00,2016-11-28 13:21:08,24.0,33997.7,4,89.97
176,2016-11-28 19:55:25+00:00,2016-11-28 14:55:25,2016-11-28 20:21:36+00:00,2016-11-28 15:21:36,26.0,34880.7,4,42.18
177,2016-11-29 23:15:39+00:00,2016-11-29 18:15:39,2016-11-29 23:58:00+00:00,2016-11-29 18:58:00,42.0,41661.7,4,76.38
178,2016-11-11 23:11:20+00:00,2016-11-11 18:11:20,2016-11-11 23:41:09+00:00,2016-11-11 18:41:09,29.0,41444.5,4,41.31
179,2016-11-14 23:46:26+00:00,2016-11-14 18:46:26,2016-11-15 00:24:06+00:00,2016-11-14 19:24:06,37.0,45821.5,4,63.21
180,2016-11-16 23:53:43+00:00,2016-11-16 18:53:43,2016-11-17 00:26:49+00:00,2016-11-16 19:26:49,33.0,45828.5,4,46.94
181,2016-11-19 23:53:14+00:00,2016-11-19 18:53:14,2016-11-20 00:31:03+00:00,2016-11-19 19:31:03,37.0,23467.3,4,86.78
182,2016-11-18 22:59:36+00:00,2016-11-18 17:59:36,2016-11-19 01:40:27+00:00,2016-11-18 20:40:27,160.0,138228.0,4,91.48
183,2016-11-23 00:29:17+00:00,2016-11-22 19:29:17,2016-11-23 00:40:56+00:00,2016-11-22 19:40:56,11.0,1986.51,4,100.0
184,2016-11-23 23:05:39+00:00,2016-11-23 18:05:39,2016-11-23 23:58:45+00:00,2016-11-23 18:58:45,53.0,40578.1,4,62.33
185,2016-11-26 00:28:59+00:00,2016-11-25 19:28:59,2016-11-26 00:55:07+00:00,2016-11-25 19:55:07,26.0,26640.3,4,100.0
186,2016-11-27 00:01:03+00:00,2016-11-26 19:01:03,2016-11-27 00:15:41+00:00,2016-11-26 19:15:41,14.0,8216.2,4,100.0
187,2016-11-27 01:38:28+00:00,2016-11-26 20:38:28,2016-11-27 02:19:25+00:00,2016-11-26 21:19:25,40.0,54391.9,5,75.09
188,2016-11-19 14:38:36+00:00,2016-11-19 09:38:36,2016-11-19 15:07:06+00:00,2016-11-19 10:07:06,28.0,13935.1,5,95.79
189,2016-11-19 16:04:07+00:00,2016-11-19 11:04:07,2016-11-19 16:24:14+00:00,2016-11-19 11:24:14,20.0,13687.6,5,100.0
190,2016-11-23 13:03:25+00:00,2016-11-23 08:03:25,2016-11-23 13:42:52+00:00,2016-11-23 08:42:52,39.0,11430.7,5,100.0
191,2016-11-23 13:56:32+00:00,2016-11-23 08:56:32,2016-11-23 14:23:37+00:00,2016-11-23 09:23:37,27.0,24176.0,5,16.88
192,2016-11-25 16:02:21+00:00,2016-11-25 11:02:21,2016-11-25 16:17:31+00:00,2016-11-25 11:17:31,15.0,2789.2,5,100.0
193,2016-11-19 19:31:36+00:00,2016-11-19 14:31:36,2016-11-19 19:43:26+00:00,2016-11-19 14:43:26,11.0,4486.21,5,78.88
194,2016-11-20 17:01:31+00:00,2016-11-20 12:01:31,2016-11-20 17:13:14+00:00,2016-11-20 12:13:14,11.0,1439.16,5,100.0
195,2016-11-25 17:09:33+00:00,2016-11-25 12:09:33,2016-11-25 17:21:22+00:00,2016-11-25 12:21:22,11.0,2773.89,5,100.0
196,2016-11-20 23:07:59+00:00,2016-11-20 18:07:59,2016-11-20 23:19:09+00:00,2016-11-20 18:19:09,11.0,7268.33,5,89.26
197,2016-11-30 13:02:05+00:00,2016-11-30 08:02:05,2016-11-30 13:39:25+00:00,2016-11-30 08:39:25,37.0,11151.6,5,93.3
198,2016-11-26 20:49:06+00:00,2016-11-26 15:49:06,2016-11-26 21:41:12+00:00,2016-11-26 16:41:12,52.0,54602.7,5,99.97
199,2016-11-29 13:11:17+00:00,2016-11-29 08:11:17,2016-11-29 13:40:56+00:00,2016-11-29 08:40:56,29.0,9017.18,5,95.95
200,2016-11-18 23:23:05+00:00,2016-11-18 18:23:05,2016-11-18 23:47:30+00:00,2016-11-18 18:47:30,24.0,19920.1,5,
201,2016-11-30 14:02:16+00:00,2016-11-30 09:02:16,2016-11-30 14:27:35+00:00,2016-11-30 09:27:35,25.0,24881.8,5,21.0
202,2016-11-23 21:41:59+00:00,2016-11-23 16:41:59,2016-11-23 22:07:46+00:00,2016-11-23 17:07:46,25.0,25507.5,5,70.91
203,2016-11-29 13:56:04+00:00,2016-11-29 08:56:04,2016-11-29 14:23:42+00:00,2016-11-29 09:23:42,27.0,22829.9,5,
204,2016-11-28 22:58:38+00:00,2016-11-28 17:58:38,2016-11-28 23:23:20+00:00,2016-11-28 18:23:20,24.0,22392.6,5,
205,2016-11-29 22:52:07+00:00,2016-11-29 17:52:07,2016-11-29 23:06:31+00:00,2016-11-29 18:06:31,14.0,14852.4,5,30.61
206,2016-11-30 13:25:37+00:00,2016-11-30 08:25:37,2016-11-30 14:26:32+00:00,2016-11-30 09:26:32,60.0,41928.7,6,100.0
207,2016-11-29 23:13:00+00:00,2016-11-29 18:13:00,2016-11-30 00:06:55+00:00,2016-11-29 19:06:55,53.0,39442.6,6,100.0
